titulo;descricao
Amelia;ingles
Lily;ingles
Emily;ingles
Sophia;ingles
Isabelle;ingles
Sophie;ingles
Olivia;ingles
Jessica;ingles
Chloe;ingles
Mia;ingles
Isla;ingles
Isabella;ingles
Ava;ingles
Charlotte;ingles
Grace;ingles
Evie;ingles
Poppy;ingles
Lucy;ingles
Ella;ingles
Holly;ingles
Emma;ingles
Molly;ingles
Annabelle;ingles
Erin;ingles
Freya;ingles
Ruby;ingles
Scarlett;ingles
Alice;ingles
Layla;ingles
Hannah;ingles
Eva;ingles
Imogen;ingles
Millie;ingles
Daisy;ingles
Abigail;ingles
Amy;ingles
Zoe;ingles
Megan;ingles
Maisie;ingles
Phoebe;ingles
Maya;ingles
Anna;ingles
Eliza;ingles
Caitlin;ingles
Amelie;ingles
Jasmine;ingles
Florence;ingles
Sienna;ingles
Madison;ingles
Eleanor;ingles
Darcey;ingles
Lola;ingles
Elizabeth;ingles
Leah;ingles
Matilda;ingles
Summer;ingles
Elsie;ingles
Ellie;ingles
Zara;ingles
Rosie;ingles
Kayla;ingles
Esme;ingles
Amber;ingles
Georgia;ingles
Bethany;ingles
Rose;ingles
Evelyn;ingles
Lexi;ingles
Niamh;ingles
Katie;ingles
Alyssa;ingles
Lauren;ingles
Heidi;ingles
Gracie;ingles
Skye;ingles
Willow;ingles
Faith;ingles
Beth;ingles
Alexandra;ingles
Iris;ingles
Harriet;ingles
Violet;ingles
Lara;ingles
Martha;ingles
Rebecca;ingles
Seren;ingles
Gabriella;ingles
Tilly;ingles
Naomi;ingles
Sarah;ingles
Clara;ingles
Nicole;ingles
Elise;ingles
Mila;ingles
Annie;ingles
Sara;ingles
Bella;ingles
Francesca;ingles
Elena;ingles
 Libby;ingles
s para Meninos:;ingles
arry;ingles
ack;ingles
liver;ingles
harlie;ingles
ames;ingles
eorge;ingles
homas;ingles
than;ingles
acob;ingles
William;ingles
Daniel;ingles
Joshua;ingles
Max;ingles
Noah;ingles
Alfie;ingles
Samuel;ingles
Dylan;ingles
Oscar;ingles
Lucas;ingles
Aidan;ingles
Isaac;ingles
Riley;ingles
Henry;ingles
Benjamin;ingles
Joseph;ingles
Alexander;ingles
Lewis;ingles
Leo;ingles
Tyler;ingles
Jayden;ingles
Zac;ingles
Freddie;ingles
Archie;ingles
Logan;ingles
Adam;ingles
Ryan;ingles
Nathan;ingles
Matthew;ingles
Sebastian;ingles
Jake;ingles
Toby;ingles
Alex;ingles
Luke;ingles
Liam;ingles
Harrison;ingles
David;ingles
Jamie;ingles
Edward;ingles
Luca;ingles
Elliot;ingles
Aaron;ingles
Finley;ingles
Michael;ingles
Zachary;ingles
Mason;ingles
Sam;ingles
Muhammad;ingles
Connor;ingles
Ben;ingles
Reuben;ingles
Theo;ingles
Rhys;ingles
Arthur;ingles
Caleb;ingles
Dexter;ingles
Rory;ingles
Jenson;ingles
Evan;ingles
Gabriel;ingles
Ewan;ingles
Callum;ingles
Seth;ingles
Felix;ingles
Austin;ingles
Owen;ingles
Leon;ingles
Cameron;ingles
Jude;ingles
Harley;ingles
Blake;ingles
Harvey;ingles
Tom;ingles
Hugo;ingles
Finn;ingles
Bobby;ingles
Hayden;ingles
Kyle;ingles
Jasper;ingles
Tommy;ingles
Eli;ingles
Kian;ingles
Andrew;ingles
John;ingles
Louie;ingles
Dominic;ingles
Joe;ingles
Elijah;ingles
Kai;ingles
Frankie;ingles
Stanley;ingles
